{
    "final_desa_202413301.geojson": [
        108.55585484,
        -7.78485999199993,
        109.395694341,
        -7.13872525300001
    ],
    "final_desa_202413302.geojson": [
        108.891051124,
        -7.66367388999995,
        109.446471983,
        -7.24628904999997
    ],
    "final_desa_202413303.geojson": [
        109.22367408,
        -7.49349949999995,
        109.58466206,
        -7.16338893999992
    ],
    "final_desa_202413304.geojson": [
        109.36140555,
        -7.54079480999996,
        109.91871438,
        -7.17116422699994
    ],
    "final_desa_202413305.geojson": [
        109.379538834,
        -7.83070774899998,
        109.83927287,
        -7.457782046
    ],
    "final_desa_202413306.geojson": [
        109.796483168,
        -7.89662958999999,
        110.141661591,
        -7.51838223999995
    ],
    "final_desa_202413307.geojson": [
        109.7371513,
        -7.61104453199994,
        110.07420933,
        -7.18679701799995
    ],
    "final_desa_202413308.geojson": [
        110.04346467,
        -7.70688103,
        110.44607544,
        -7.32256839399996
    ],
    "final_desa_202413309.geojson": [
        110.37816266,
        -7.62817936499997,
        110.858141792,
        -7.14118704699995
    ],
    "final_desa_202413310.geojson": [
        110.44590731,
        -7.80860063299994,
        110.79974945,
        -7.53864900599995
    ],
    "final_desa_202413311.geojson": [
        110.70263672,
        -7.82677251299998,
        110.96023073,
        -7.5379054919999
    ],
    "final_desa_202413312.geojson": [
        110.75425115,
        -8.211925,
        111.3193054,
        -7.71218343999993
    ],
    "final_desa_202413313.geojson": [
        110.708411594,
        -7.78288702999992,
        111.19449354,
        -7.45609853999997
    ],
    "final_desa_202413314.geojson": [
        110.769625525,
        -7.53741832199991,
        111.15530394,
        -7.24723574599996
    ],
    "final_desa_202413315.geojson": [
        110.54155175,
        -7.283214046,
        111.247131738,
        -6.91263529799996
    ],
    "final_desa_202413316.geojson": [
        111.10654449,
        -7.37983125999992,
        111.62987515,
        -6.84944390999992
    ],
    "final_desa_202413317.geojson": [
        111.23365977,
        -6.91892643200002,
        111.691386771,
        -6.62056
    ],
    "final_desa_202413318.geojson": [
        110.80226796,
        -7.00137984999996,
        111.2709331,
        -6.41022109999997
    ],
    "final_desa_202413319.geojson": [
        110.758150432,
        -6.97509453100001,
        110.9752233,
        -6.61817471299999
    ],
    "final_desa_202413320.geojson": [
        110.1631247,
        -6.79635856999993,
        110.976859566,
        -5.72539908999996
    ],
    "final_desa_202413321.geojson": [
        110.472717802,
        -7.13966557599997,
        110.83357193,
        -6.70793856199999
    ],
    "final_desa_202413322.geojson": [
        110.25232054,
        -7.49710815699993,
        110.660601355,
        -7.07826461899996
    ],
    "final_desa_202413323.geojson": [
        109.93301204,
        -7.4022254769999,
        110.33002439,
        -7.07757326299996
    ],
    "final_desa_202413324.geojson": [
        109.92267608,
        -7.20231988499992,
        110.36619345,
        -6.83523472299993
    ],
    "final_desa_202413325.geojson": [
        109.67329407,
        -7.19644579600001,
        110.053478381,
        -6.86587419999992
    ],
    "final_desa_202413326.geojson": [
        109.4834241,
        -7.24445649699993,
        109.79880279,
        -6.84046919999997
    ],
    "final_desa_202413327.geojson": [
        109.18707278,
        -7.24888508999992,
        109.59919607,
        -6.77195853999998
    ],
    "final_desa_202413328.geojson": [
        108.951608158,
        -7.24976882699993,
        109.36037083,
        -6.84419637499996
    ],
    "final_desa_202413329.geojson": [
        108.69297089,
        -7.35146801699997,
        109.19689996,
        -6.747384113
    ],
    "final_desa_202413371.geojson": [
        110.198719048,
        -7.50606401399992,
        110.23742686,
        -7.4334780099999
    ],
    "final_desa_202413372.geojson": [
        110.76908854,
        -7.59520156199995,
        110.86905582,
        -7.52304714400003
    ],
    "final_desa_202413373.geojson": [
        110.466266118,
        -7.39051834999999,
        110.535188061,
        -7.28666203200001
    ],
    "final_desa_202413374.geojson": [
        110.269045672,
        -7.11546855699997,
        110.508896083,
        -6.93366260499991
    ],
    "final_desa_202413375.geojson": [
        109.64214325,
        -6.93571193000002,
        109.71141054,
        -6.85193103999991
    ],
    "final_desa_202413376.geojson": [
        109.07499697,
        -6.90003220099991,
        109.161445655,
        -6.83956075699993
    ]
}